{"name":"00aa9633-ad18-402b-9109-0b5ad8a9ed69","id":"/providers/Microsoft.Flow/flows/00aa9633-ad18-402b-9109-0b5ad8a9ed69","type":"Microsoft.Flow/flows","properties":{"apiId":"/providers/Microsoft.PowerApps/apis/shared_logicflows","displayName":"v4 Champions Flow","definition":{"metadata":{"workflowEntityId":null,"processAdvisorMetadata":null,"flowclientsuspensionreason":"None","flowclientsuspensiontime":null,"creator":{"id":"ab03c597-bbde-48a4-a70c-b66f057a906e","type":"User","tenantId":"b91e4858-ebe3-4480-9a62-db409daa8bc8"},"provisioningMethod":"FromDefinition","failureAlertSubscription":true,"clientLastModifiedTime":"2022-03-11T17:03:05.3372913Z"},"$schema":"https://schema.management.azure.com/providers/Microsoft.Logic/schemas/2016-06-01/workflowdefinition.json#","contentVersion":"1.0.0.0","parameters":{"$connections":{"defaultValue":{},"type":"Object"},"$authentication":{"defaultValue":{},"type":"SecureObject"}},"triggers":{"When_an_item_is_created":{"recurrence":{"frequency":"Minute","interval":1},"splitOn":"@triggerOutputs()?['body/value']","metadata":{"operationMetadataId":"ca05db3e-8f2d-4ee0-bdb4-f7a5c9fad5ff"},"type":"OpenApiConnection","inputs":{"host":{"apiId":"/providers/Microsoft.PowerApps/apis/shared_sharepointonline","connectionName":"shared_sharepointonline","operationId":"GetOnNewItems"},"parameters":{"dataset":"https://m365x500140.sharepoint.com/sites/ChampionsofContoso","table":"34144155-6f2f-440f-91bf-c54f36bb39c3"},"authentication":"@parameters('$authentication')"}}},"actions":{"ArrayVar":{"runAfter":{},"metadata":{"operationMetadataId":"e4cbe102-c134-4385-b187-eafb9f011b33"},"type":"InitializeVariable","inputs":{"variables":[{"name":"ArrayVar","type":"array"}]}},"Apply_to_each":{"foreach":"@outputs('RemoveBlankLine')","actions":{"Append_to_array_variable":{"runAfter":{},"metadata":{"operationMetadataId":"e875290d-faac-4d9d-bcc3-14703b6eb5ac"},"type":"AppendToArrayVariable","inputs":{"name":"ArrayVar","value":"@items('Apply_to_each')"}},"Get_user_profile_(V2)":{"runAfter":{"Append_to_array_variable":["Succeeded"]},"metadata":{"operationMetadataId":"f964d1f1-62fc-421a-a114-0930e61a5137"},"type":"OpenApiConnection","inputs":{"host":{"apiId":"/providers/Microsoft.PowerApps/apis/shared_office365users","connectionName":"shared_office365users","operationId":"UserProfile_V2"},"parameters":{"id":"@items('Apply_to_each')"},"authentication":"@parameters('$authentication')"}},"Start_and_wait_for_an_approval":{"runAfter":{"Get_user_profile_(V2)":["Succeeded"]},"metadata":{"operationMetadataId":"83af9b7b-de5c-4487-a394-38c58494db17"},"type":"OpenApiConnectionWebhook","inputs":{"host":{"apiId":"/providers/Microsoft.PowerApps/apis/shared_approvals","connectionName":"shared_approvals","operationId":"StartAndWaitForAnApproval"},"parameters":{"approvalType":"CustomResponseAwaitAll","WebhookApprovalCreationInput/responseOptions":["Approve","Reject"],"WebhookApprovalCreationInput/title":"Want to share your knowledge of @{triggerOutputs()?['body/Product/Value']}?","WebhookApprovalCreationInput/assignedTo":"@{items('Apply_to_each')};","WebhookApprovalCreationInput/details":"**Hi! @{outputs('Get_user_profile_(V2)')?['body/givenName']},**\nWe've identified you as a Champion technology user of **@{triggerOutputs()?['body/Product/Value']}**. What's a champion? Champions are employees that use technology to modernize the way you work and help their peers along the way. You are receiving this email because you are an owner of a Team that is driving high usage of the Approvals app.\n\nWe'd like to invite you to our Champion community if you'd like to participate, please opt-in by selecting \"**Approve**\" below.\n\nIf you believe you received this email in error or think someone else in your team is better for this community, please provide the colleague's email in the comments below.","WebhookApprovalCreationInput/enableNotifications":true,"WebhookApprovalCreationInput/enableReassignment":false},"authentication":"@parameters('$authentication')"}},"Apply_to_each_2":{"foreach":"@outputs('Start_and_wait_for_an_approval')?['body/responses']","actions":{"Condition":{"actions":{"Create_item":{"runAfter":{},"metadata":{"operationMetadataId":"7c9c0fd0-3b19-4928-991e-3ec7c50aa380"},"type":"OpenApiConnection","inputs":{"host":{"apiId":"/providers/Microsoft.PowerApps/apis/shared_sharepointonline","connectionName":"shared_sharepointonline","operationId":"PostItem"},"parameters":{"dataset":"https://m365x500140.sharepoint.com/sites/ChampionsofContoso","table":"9e1d0782-5bc6-406d-8e9f-27d1f3611443","item/Title":"@items('Apply_to_each_2')?['responder/displayName']","item/Product":"@outputs('Start_and_wait_for_an_approval')?['body/title']","item/OptIn":"Yes","item/Comment":"@items('Apply_to_each_2')?['comments']","item/ApprovalID":"@outputs('Start_and_wait_for_an_approval')?['body/name']","item/Email":"@outputs('Get_user_profile_(V2)')?['body/mail']"},"authentication":"@parameters('$authentication')"}},"Add_a_member_to_a_team":{"runAfter":{"Create_item":["Succeeded"]},"metadata":{"operationMetadataId":"f2fd4f50-da57-4440-9491-63c194b12724"},"type":"OpenApiConnection","inputs":{"host":{"apiId":"/providers/Microsoft.PowerApps/apis/shared_teams","connectionName":"shared_teams","operationId":"AddMemberToTeam"},"parameters":{"teamId":"e9284f5a-b163-4d99-8825-c45ddeb0d830","body/userId":"@outputs('Get_user_profile_(V2)')?['body/mail']"},"authentication":"@parameters('$authentication')"}}},"runAfter":{},"else":{"actions":{"Create_item_2":{"runAfter":{},"metadata":{"operationMetadataId":"cec49043-8622-4f5c-a5f1-145be78b261c"},"type":"OpenApiConnection","inputs":{"host":{"apiId":"/providers/Microsoft.PowerApps/apis/shared_sharepointonline","connectionName":"shared_sharepointonline","operationId":"PostItem"},"parameters":{"dataset":"https://m365x500140.sharepoint.com/sites/ChampionsofContoso","table":"9e1d0782-5bc6-406d-8e9f-27d1f3611443","item/Title":"@items('Apply_to_each_2')?['responder/displayName']","item/Product":"@outputs('Start_and_wait_for_an_approval')?['body/title']","item/OptIn":"No","item/Comment":"@items('Apply_to_each_2')?['comments']","item/ApprovalID":"@outputs('Start_and_wait_for_an_approval')?['body/name']","item/Email":"@outputs('Get_user_profile_(V2)')?['body/mail']"},"authentication":"@parameters('$authentication')"}}}},"expression":{"equals":["@items('Apply_to_each_2')?['approverResponse']","Approve"]},"metadata":{"operationMetadataId":"a2260692-5331-4dac-b37d-b901517a54a4"},"type":"If"}},"runAfter":{"Start_and_wait_for_an_approval":["Succeeded"]},"metadata":{"operationMetadataId":"3fbdceda-3d4b-4fa4-8666-14f44810e2af"},"type":"Foreach"},"Create_item_3":{"runAfter":{"Start_and_wait_for_an_approval":["TimedOut"]},"metadata":{"operationMetadataId":"2ea69b7f-9b77-4297-b906-5c93f674bc72"},"type":"OpenApiConnection","inputs":{"host":{"apiId":"/providers/Microsoft.PowerApps/apis/shared_sharepointonline","connectionName":"shared_sharepointonline","operationId":"PostItem"},"parameters":{"dataset":"https://m365x500140.sharepoint.com/sites/ChampionsofContoso","table":"9e1d0782-5bc6-406d-8e9f-27d1f3611443","item/Title":"Not everyone responsed to @{outputs('Start_and_wait_for_an_approval')?['body/title']}","item/Product":"@triggerOutputs()?['body/Product/Value']","item/OptIn":"incomplete","item/ApprovalID":"@outputs('Start_and_wait_for_an_approval')?['body/name']"},"authentication":"@parameters('$authentication')"}}},"runAfter":{"RemoveBlankLine":["Succeeded"]},"metadata":{"operationMetadataId":"b9545e82-74f2-49fc-87ec-85c3b95872bc"},"type":"Foreach","runtimeConfiguration":{"concurrency":{"repetitions":20}}},"Compose-Store_string":{"runAfter":{"ArrayVar":["Succeeded"]},"metadata":{"operationMetadataId":"378dacd9-9647-41a4-bbda-33182224bc89"},"type":"Compose","inputs":"@triggerOutputs()?['body/EmailAddresses']"},"Initialize_variable-Load_splits_into_array":{"runAfter":{"Replacelinebreaks":["Succeeded"]},"metadata":{"operationMetadataId":"db3ae217-dbb2-411a-ba44-bad0105e1bcf"},"type":"InitializeVariable","inputs":{"variables":[{"name":"Dedup","type":"array","value":"@split(outputs('Replacelinebreaks'),',')"}]}},"Compose-DeDup_array":{"runAfter":{"Initialize_variable-Load_splits_into_array":["Succeeded"]},"metadata":{"operationMetadataId":"468c4e53-2726-42b1-84c1-4a489e0a0fdf"},"type":"Compose","inputs":"@union(variables('Dedup'),variables('Dedup'))"},"Replacelinebreaks":{"runAfter":{"Compose-Store_string":["Succeeded"]},"metadata":{"operationMetadataId":"de962676-2d1f-4ed7-b2c4-3f968fe0fec7"},"type":"Compose","inputs":"@replace(outputs('Compose-Store_string'),decodeUriComponent('%0A'),',')"},"RemoveBlankLine":{"runAfter":{"Compose-DeDup_array":["Succeeded"]},"metadata":{"operationMetadataId":"120f1cef-5c7b-4f4a-8f19-abbefe281ed4"},"type":"Compose","inputs":"@take(outputs('Compose-Dedup_array'),add(length(outputs('Compose-Dedup_Array')),-1))"}},"outputs":{}},"connectionReferences":{"shared_office365users":{"connectionName":"shared-office365user-4500c8b4-bd74-4300-aac2-c2253e58712b","source":"Embedded","id":"/providers/Microsoft.PowerApps/apis/shared_office365users","tier":"NotSpecified"},"shared_approvals":{"connectionName":"shared-approvals-fe56bd6e-c794-4d03-9238-fcf9463172d1","source":"Embedded","id":"/providers/Microsoft.PowerApps/apis/shared_approvals","tier":"NotSpecified"},"shared_sharepointonline":{"connectionName":"shared-sharepointonl-e983ed36-012b-480e-bde0-4826-1fb3d8a7","source":"Embedded","id":"/providers/Microsoft.PowerApps/apis/shared_sharepointonline","tier":"NotSpecified"},"shared_teams":{"connectionName":"shared-teams-1c653416-62ed-44bc-904b-a24b3bede95d","source":"Embedded","id":"/providers/Microsoft.PowerApps/apis/shared_teams","tier":"NotSpecified"}},"flowFailureAlertSubscribed":false}}